{"last_download_success": 1586443041.0177498, "last_download_failure": 1586443042.0198886}