{"last_download_success": 1586443038.9386072, "last_download_failure": 1586443039.9437444}